date,index_id,gpu,value,source
2026-09-01,sdh100rt,h100,2.7129,sample
2026-09-01,sdb200rt,b200,4.3114,sample
2026-09-01,ocpi_h100,h100,2.6298,sample
2026-09-01,ocpi_b200,b200,4.0606,sample
2026-09-02,sdh100rt,h100,2.7715,sample
2026-09-02,sdb200rt,b200,4.4216,sample
2026-09-02,ocpi_h100,h100,2.6155,sample
2026-09-02,ocpi_b200,b200,4.0997,sample
2026-09-03,sdh100rt,h100,2.7546,sample
2026-09-03,sdb200rt,b200,4.4071,sample
2026-09-03,ocpi_h100,h100,2.5889,sample
2026-09-03,ocpi_b200,b200,4.1371,sample
2026-09-04,sdh100rt,h100,2.7557,sample
2026-09-04,sdb200rt,b200,4.4013,sample
2026-09-04,ocpi_h100,h100,2.5973,sample
2026-09-04,ocpi_b200,b200,4.2130,sample
2026-09-05,sdh100rt,h100,2.8294,sample
2026-09-05,sdb200rt,b200,4.3641,sample
2026-09-05,ocpi_h100,h100,2.6487,sample
2026-09-05,ocpi_b200,b200,4.1441,sample
2026-09-06,sdh100rt,h100,2.8218,sample
2026-09-06,sdb200rt,b200,4.4493,sample
2026-09-06,ocpi_h100,h100,2.6261,sample
2026-09-06,ocpi_b200,b200,4.2001,sample
2026-09-07,sdh100rt,h100,2.7532,sample
2026-09-07,sdb200rt,b200,4.4404,sample
2026-09-07,ocpi_h100,h100,2.5818,sample
2026-09-07,ocpi_b200,b200,4.2168,sample
2026-09-08,sdh100rt,h100,2.7148,sample
2026-09-08,sdb200rt,b200,4.4293,sample
2026-09-08,ocpi_h100,h100,2.5496,sample
2026-09-08,ocpi_b200,b200,4.1637,sample
2026-09-09,sdh100rt,h100,2.6658,sample
2026-09-09,sdb200rt,b200,4.4684,sample
2026-09-09,ocpi_h100,h100,2.5307,sample
2026-09-09,ocpi_b200,b200,4.1375,sample
2026-09-10,sdh100rt,h100,2.7090,sample
2026-09-10,sdb200rt,b200,4.4686,sample
2026-09-10,ocpi_h100,h100,2.5930,sample
2026-09-10,ocpi_b200,b200,4.1994,sample
2026-09-11,sdh100rt,h100,2.7254,sample
2026-09-11,sdb200rt,b200,4.5383,sample
2026-09-11,ocpi_h100,h100,2.5495,sample
2026-09-11,ocpi_b200,b200,4.2241,sample
2026-09-12,sdh100rt,h100,2.7076,sample
2026-09-12,sdb200rt,b200,4.4532,sample
2026-09-12,ocpi_h100,h100,2.5674,sample
2026-09-12,ocpi_b200,b200,4.2167,sample
2026-09-13,sdh100rt,h100,2.7291,sample
2026-09-13,sdb200rt,b200,4.5518,sample
2026-09-13,ocpi_h100,h100,2.6148,sample
2026-09-13,ocpi_b200,b200,4.2284,sample
2026-09-14,sdh100rt,h100,2.7525,sample
2026-09-14,sdb200rt,b200,4.5124,sample
2026-09-14,ocpi_h100,h100,2.5557,sample
2026-09-14,ocpi_b200,b200,4.3217,sample
2026-09-15,sdh100rt,h100,2.6960,sample
2026-09-15,sdb200rt,b200,4.6125,sample
2026-09-15,ocpi_h100,h100,2.5016,sample
2026-09-15,ocpi_b200,b200,4.2839,sample
2026-09-16,sdh100rt,h100,2.6400,sample
2026-09-16,sdb200rt,b200,4.6022,sample
2026-09-16,ocpi_h100,h100,2.5332,sample
2026-09-16,ocpi_b200,b200,4.3030,sample
2026-09-17,sdh100rt,h100,2.6822,sample
2026-09-17,sdb200rt,b200,4.4902,sample
2026-09-17,ocpi_h100,h100,2.5303,sample
2026-09-17,ocpi_b200,b200,4.2623,sample
2026-09-18,sdh100rt,h100,2.7432,sample
2026-09-18,sdb200rt,b200,4.5677,sample
2026-09-18,ocpi_h100,h100,2.5677,sample
2026-09-18,ocpi_b200,b200,4.2710,sample
2026-09-19,sdh100rt,h100,2.8103,sample
2026-09-19,sdb200rt,b200,4.5910,sample
2026-09-19,ocpi_h100,h100,2.6343,sample
2026-09-19,ocpi_b200,b200,4.2915,sample
2026-09-20,sdh100rt,h100,2.7790,sample
2026-09-20,sdb200rt,b200,4.5435,sample
2026-09-20,ocpi_h100,h100,2.6578,sample
2026-09-20,ocpi_b200,b200,4.2083,sample
2026-09-21,sdh100rt,h100,2.7705,sample
2026-09-21,sdb200rt,b200,4.5084,sample
2026-09-21,ocpi_h100,h100,2.5833,sample
2026-09-21,ocpi_b200,b200,4.2635,sample
2026-09-22,sdh100rt,h100,2.7051,sample
2026-09-22,sdb200rt,b200,4.4798,sample
2026-09-22,ocpi_h100,h100,2.5541,sample
2026-09-22,ocpi_b200,b200,4.2113,sample
2026-09-23,sdh100rt,h100,2.6996,sample
2026-09-23,sdb200rt,b200,4.4726,sample
2026-09-23,ocpi_h100,h100,2.5845,sample
2026-09-23,ocpi_b200,b200,4.2209,sample
2026-09-24,sdh100rt,h100,2.7140,sample
2026-09-24,sdb200rt,b200,4.4843,sample
2026-09-24,ocpi_h100,h100,2.5814,sample
2026-09-24,ocpi_b200,b200,4.2808,sample
2026-09-25,sdh100rt,h100,2.7835,sample
2026-09-25,sdb200rt,b200,4.4439,sample
2026-09-25,ocpi_h100,h100,2.5563,sample
2026-09-25,ocpi_b200,b200,4.2031,sample
