gpu,region,ship_month,units,sellable_share
h100,us_east,2023-01,24000,0.35
h100,us_central,2023-01,12000,0.35
h100,us_west,2023-01,9000,0.35
h100,eu_west,2023-01,9000,0.35
h100,apac,2023-01,6000,0.35
h100,us_east,2023-02,25800,0.35
h100,us_central,2023-02,12900,0.35
h100,us_west,2023-02,9675,0.35
h100,eu_west,2023-02,9675,0.35
h100,apac,2023-02,6450,0.35
h100,us_east,2023-03,27600,0.35
h100,us_central,2023-03,13800,0.35
h100,us_west,2023-03,10350,0.35
h100,eu_west,2023-03,10350,0.35
h100,apac,2023-03,6900,0.35
h100,us_east,2023-04,29400,0.35
h100,us_central,2023-04,14700,0.35
h100,us_west,2023-04,11025,0.35
h100,eu_west,2023-04,11025,0.35
h100,apac,2023-04,7350,0.35
h100,us_east,2023-05,31200,0.35
h100,us_central,2023-05,15600,0.35
h100,us_west,2023-05,11700,0.35
h100,eu_west,2023-05,11700,0.35
h100,apac,2023-05,7800,0.35
h100,us_east,2023-06,33000,0.35
h100,us_central,2023-06,16500,0.35
h100,us_west,2023-06,12375,0.35
h100,eu_west,2023-06,12375,0.35
h100,apac,2023-06,8250,0.35
h100,us_east,2023-07,34800,0.35
h100,us_central,2023-07,17400,0.35
h100,us_west,2023-07,13050,0.35
h100,eu_west,2023-07,13050,0.35
h100,apac,2023-07,8700,0.35
h100,us_east,2023-08,36600,0.35
h100,us_central,2023-08,18300,0.35
h100,us_west,2023-08,13725,0.35
h100,eu_west,2023-08,13725,0.35
h100,apac,2023-08,9150,0.35
h100,us_east,2023-09,38400,0.35
h100,us_central,2023-09,19200,0.35
h100,us_west,2023-09,14400,0.35
h100,eu_west,2023-09,14400,0.35
h100,apac,2023-09,9600,0.35
h100,us_east,2023-10,40200,0.35
h100,us_central,2023-10,20100,0.35
h100,us_west,2023-10,15075,0.35
h100,eu_west,2023-10,15075,0.35
h100,apac,2023-10,10050,0.35
h100,us_east,2023-11,42000,0.35
h100,us_central,2023-11,21000,0.35
h100,us_west,2023-11,15750,0.35
h100,eu_west,2023-11,15750,0.35
h100,apac,2023-11,10500,0.35
h100,us_east,2023-12,43800,0.35
h100,us_central,2023-12,21900,0.35
h100,us_west,2023-12,16425,0.35
h100,eu_west,2023-12,16425,0.35
h100,apac,2023-12,10950,0.35
h100,us_east,2024-01,45600,0.35
h100,us_central,2024-01,22800,0.35
h100,us_west,2024-01,17100,0.35
h100,eu_west,2024-01,17100,0.35
h100,apac,2024-01,11400,0.35
h100,us_east,2024-02,47400,0.35
h100,us_central,2024-02,23700,0.35
h100,us_west,2024-02,17775,0.35
h100,eu_west,2024-02,17775,0.35
h100,apac,2024-02,11850,0.35
h100,us_east,2024-03,49200,0.35
h100,us_central,2024-03,24600,0.35
h100,us_west,2024-03,18450,0.35
h100,eu_west,2024-03,18450,0.35
h100,apac,2024-03,12300,0.35
h100,us_east,2024-04,51000,0.35
h100,us_central,2024-04,25500,0.35
h100,us_west,2024-04,19125,0.35
h100,eu_west,2024-04,19125,0.35
h100,apac,2024-04,12750,0.35
h100,us_east,2024-05,52800,0.35
h100,us_central,2024-05,26400,0.35
h100,us_west,2024-05,19800,0.35
h100,eu_west,2024-05,19800,0.35
h100,apac,2024-05,13200,0.35
h100,us_east,2024-06,54600,0.35
h100,us_central,2024-06,27300,0.35
h100,us_west,2024-06,20475,0.35
h100,eu_west,2024-06,20475,0.35
h100,apac,2024-06,13650,0.35
h100,us_east,2024-07,56400,0.35
h100,us_central,2024-07,28200,0.35
h100,us_west,2024-07,21150,0.35
h100,eu_west,2024-07,21150,0.35
h100,apac,2024-07,14100,0.35
h100,us_east,2024-08,58200,0.35
h100,us_central,2024-08,29100,0.35
h100,us_west,2024-08,21825,0.35
h100,eu_west,2024-08,21825,0.35
h100,apac,2024-08,14550,0.35
h100,us_east,2024-09,60000,0.35
h100,us_central,2024-09,30000,0.35
h100,us_west,2024-09,22500,0.35
h100,eu_west,2024-09,22500,0.35
h100,apac,2024-09,15000,0.35
h100,us_east,2024-10,61800,0.35
h100,us_central,2024-10,30900,0.35
h100,us_west,2024-10,23175,0.35
h100,eu_west,2024-10,23175,0.35
h100,apac,2024-10,15450,0.35
h100,us_east,2024-11,63600,0.35
h100,us_central,2024-11,31800,0.35
h100,us_west,2024-11,23850,0.35
h100,eu_west,2024-11,23850,0.35
h100,apac,2024-11,15900,0.35
h100,us_east,2024-12,65400,0.35
h100,us_central,2024-12,32700,0.35
h100,us_west,2024-12,24525,0.35
h100,eu_west,2024-12,24525,0.35
h100,apac,2024-12,16350,0.35
h100,us_east,2025-01,67200,0.35
h100,us_central,2025-01,33600,0.35
h100,us_west,2025-01,25200,0.35
h100,eu_west,2025-01,25200,0.35
h100,apac,2025-01,16800,0.35
h100,us_east,2025-02,69000,0.35
h100,us_central,2025-02,34500,0.35
h100,us_west,2025-02,25875,0.35
h100,eu_west,2025-02,25875,0.35
h100,apac,2025-02,17250,0.35
h100,us_east,2025-03,70800,0.35
h100,us_central,2025-03,35400,0.35
h100,us_west,2025-03,26550,0.35
h100,eu_west,2025-03,26550,0.35
h100,apac,2025-03,17700,0.35
h100,us_east,2025-04,72600,0.35
h100,us_central,2025-04,36300,0.35
h100,us_west,2025-04,27225,0.35
h100,eu_west,2025-04,27225,0.35
h100,apac,2025-04,18150,0.35
h100,us_east,2025-05,74400,0.35
h100,us_central,2025-05,37200,0.35
h100,us_west,2025-05,27900,0.35
h100,eu_west,2025-05,27900,0.35
h100,apac,2025-05,18600,0.35
h100,us_east,2025-06,76200,0.35
h100,us_central,2025-06,38100,0.35
h100,us_west,2025-06,28575,0.35
h100,eu_west,2025-06,28575,0.35
h100,apac,2025-06,19050,0.35
h100,us_east,2025-07,78000,0.35
h100,us_central,2025-07,39000,0.35
h100,us_west,2025-07,29250,0.35
h100,eu_west,2025-07,29250,0.35
h100,apac,2025-07,19500,0.35
h100,us_east,2025-08,79800,0.35
h100,us_central,2025-08,39900,0.35
h100,us_west,2025-08,29925,0.35
h100,eu_west,2025-08,29925,0.35
h100,apac,2025-08,19950,0.35
h100,us_east,2025-09,81600,0.35
h100,us_central,2025-09,40800,0.35
h100,us_west,2025-09,30600,0.35
h100,eu_west,2025-09,30600,0.35
h100,apac,2025-09,20400,0.35
h100,us_east,2025-10,83400,0.35
h100,us_central,2025-10,41700,0.35
h100,us_west,2025-10,31275,0.35
h100,eu_west,2025-10,31275,0.35
h100,apac,2025-10,20850,0.35
h100,us_east,2025-11,85200,0.35
h100,us_central,2025-11,42600,0.35
h100,us_west,2025-11,31950,0.35
h100,eu_west,2025-11,31950,0.35
h100,apac,2025-11,21300,0.35
h100,us_east,2025-12,87000,0.35
h100,us_central,2025-12,43500,0.35
h100,us_west,2025-12,32625,0.35
h100,eu_west,2025-12,32625,0.35
h100,apac,2025-12,21750,0.35
b200,us_east,2025-06,18000,0.25
b200,us_central,2025-06,10000,0.25
b200,us_west,2025-06,4000,0.25
b200,eu_west,2025-06,4800,0.25
b200,apac,2025-06,3200,0.25
b200,us_east,2025-07,22050,0.25
b200,us_central,2025-07,12250,0.25
b200,us_west,2025-07,4900,0.25
b200,eu_west,2025-07,5880,0.25
b200,apac,2025-07,3920,0.25
b200,us_east,2025-08,26100,0.25
b200,us_central,2025-08,14500,0.25
b200,us_west,2025-08,5800,0.25
b200,eu_west,2025-08,6960,0.25
b200,apac,2025-08,4640,0.25
b200,us_east,2025-09,30150,0.25
b200,us_central,2025-09,16750,0.25
b200,us_west,2025-09,6700,0.25
b200,eu_west,2025-09,8040,0.25
b200,apac,2025-09,5360,0.25
b200,us_east,2025-10,34200,0.25
b200,us_central,2025-10,19000,0.25
b200,us_west,2025-10,7600,0.25
b200,eu_west,2025-10,9120,0.25
b200,apac,2025-10,6080,0.25
b200,us_east,2025-11,38250,0.25
b200,us_central,2025-11,21250,0.25
b200,us_west,2025-11,8500,0.25
b200,eu_west,2025-11,10200,0.25
b200,apac,2025-11,6800,0.25
b200,us_east,2025-12,42300,0.25
b200,us_central,2025-12,23500,0.25
b200,us_west,2025-12,9400,0.25
b200,eu_west,2025-12,11280,0.25
b200,apac,2025-12,7520,0.25
b200,us_east,2026-01,46350,0.25
b200,us_central,2026-01,25750,0.25
b200,us_west,2026-01,10300,0.25
b200,eu_west,2026-01,12360,0.25
b200,apac,2026-01,8240,0.25
b200,us_east,2026-02,50400,0.25
b200,us_central,2026-02,28000,0.25
b200,us_west,2026-02,11200,0.25
b200,eu_west,2026-02,13440,0.25
b200,apac,2026-02,8960,0.25
b200,us_east,2026-03,54450,0.25
b200,us_central,2026-03,30250,0.25
b200,us_west,2026-03,12100,0.25
b200,eu_west,2026-03,14520,0.25
b200,apac,2026-03,9680,0.25
b200,us_east,2026-04,58500,0.25
b200,us_central,2026-04,32500,0.25
b200,us_west,2026-04,13000,0.25
b200,eu_west,2026-04,15600,0.25
b200,apac,2026-04,10400,0.25
b200,us_east,2026-05,62550,0.25
b200,us_central,2026-05,34750,0.25
b200,us_west,2026-05,13900,0.25
b200,eu_west,2026-05,16680,0.25
b200,apac,2026-05,11120,0.25
b200,us_east,2026-06,66600,0.25
b200,us_central,2026-06,37000,0.25
b200,us_west,2026-06,14800,0.25
b200,eu_west,2026-06,17760,0.25
b200,apac,2026-06,11840,0.25
b200,us_east,2026-07,70650,0.25
b200,us_central,2026-07,39250,0.25
b200,us_west,2026-07,15700,0.25
b200,eu_west,2026-07,18840,0.25
b200,apac,2026-07,12560,0.25
b200,us_east,2026-08,74700,0.25
b200,us_central,2026-08,41500,0.25
b200,us_west,2026-08,16600,0.25
b200,eu_west,2026-08,19920,0.25
b200,apac,2026-08,13280,0.25
b200,us_east,2026-09,78750,0.25
b200,us_central,2026-09,43750,0.25
b200,us_west,2026-09,17500,0.25
b200,eu_west,2026-09,21000,0.25
b200,apac,2026-09,14000,0.25
