project,gpu,region,hub,mw,online_month,delay_mean_months,delay_sd_months,prob_complete
tx_abilene_phase2,b200,us_central,ercot_west,600,2026-12,2.0,3.0,0.85
tx_amarillo_campus,b200,us_central,ercot_north,400,2027-02,3.0,4.0,0.75
va_ashburn_expansion,b200,us_east,pjm_dominion,300,2027-01,4.0,4.0,0.7
va_loudoun_b,h100,us_east,pjm_dominion,120,2026-11,1.0,2.0,0.9
nd_ellendale,b200,us_central,miso_north,250,2027-03,3.0,5.0,0.65
oh_new_albany,b200,us_east,pjm_dominion,350,2027-06,5.0,6.0,0.6
tx_west_solar_coloc,h100,us_central,ercot_west,150,2026-12,2.0,3.0,0.8
eu_nordics_hydro,b200,eu_west,miso_north,200,2027-04,4.0,5.0,0.6
ga_atlanta_campus,b200,us_east,pjm_dominion,220,2027-05,4.0,5.0,0.55
az_phoenix_b,b200,us_west,ercot_north,180,2027-02,3.0,4.0,0.7
tx_secondary_h100,h100,us_central,ercot_north,90,2026-10,1.0,1.5,0.95
apac_sg_campus,b200,apac,miso_north,120,2027-06,5.0,6.0,0.5
