date,hub,price_usd_mwh,capacity_usd_mw_day
2026-09-01,pjm_dominion,104.04,333.44
2026-09-01,ercot_west,43.03,
2026-09-01,ercot_north,56.25,
2026-09-01,miso_north,41.74,30.00
2026-09-02,pjm_dominion,115.99,333.44
2026-09-02,ercot_west,42.62,
2026-09-02,ercot_north,63.04,
2026-09-02,miso_north,37.68,30.00
2026-09-03,pjm_dominion,117.27,333.44
2026-09-03,ercot_west,45.65,
2026-09-03,ercot_north,71.43,
2026-09-03,miso_north,37.61,30.00
2026-09-04,pjm_dominion,109.30,333.44
2026-09-04,ercot_west,53.35,
2026-09-04,ercot_north,62.45,
2026-09-04,miso_north,39.20,30.00
2026-09-05,pjm_dominion,123.26,333.44
2026-09-05,ercot_west,43.13,
2026-09-05,ercot_north,60.18,
2026-09-05,miso_north,41.80,30.00
2026-09-06,pjm_dominion,96.79,333.44
2026-09-06,ercot_west,47.29,
2026-09-06,ercot_north,51.11,
2026-09-06,miso_north,31.24,30.00
2026-09-07,pjm_dominion,104.33,333.44
2026-09-07,ercot_west,43.74,
2026-09-07,ercot_north,56.46,
2026-09-07,miso_north,33.87,30.00
2026-09-08,pjm_dominion,103.97,333.44
2026-09-08,ercot_west,49.41,
2026-09-08,ercot_north,56.97,
2026-09-08,miso_north,39.68,30.00
2026-09-09,pjm_dominion,107.03,333.44
2026-09-09,ercot_west,51.23,
2026-09-09,ercot_north,73.10,
2026-09-09,miso_north,38.32,30.00
2026-09-10,pjm_dominion,128.11,333.44
2026-09-10,ercot_west,45.42,
2026-09-10,ercot_north,71.25,
2026-09-10,miso_north,45.02,30.00
2026-09-11,pjm_dominion,99.84,333.44
2026-09-11,ercot_west,49.59,
2026-09-11,ercot_north,60.23,
2026-09-11,miso_north,46.99,30.00
2026-09-12,pjm_dominion,107.34,333.44
2026-09-12,ercot_west,42.31,
2026-09-12,ercot_north,61.78,
2026-09-12,miso_north,39.23,30.00
2026-09-13,pjm_dominion,122.45,333.44
2026-09-13,ercot_west,43.14,
2026-09-13,ercot_north,53.24,
2026-09-13,miso_north,31.43,30.00
2026-09-14,pjm_dominion,94.78,333.44
2026-09-14,ercot_west,43.15,
2026-09-14,ercot_north,52.39,
2026-09-14,miso_north,34.83,30.00
2026-09-15,pjm_dominion,116.01,333.44
2026-09-15,ercot_west,144.01,
2026-09-15,ercot_north,65.66,
2026-09-15,miso_north,37.65,30.00
2026-09-16,pjm_dominion,104.82,333.44
2026-09-16,ercot_west,50.33,
2026-09-16,ercot_north,55.85,
2026-09-16,miso_north,110.03,30.00
2026-09-17,pjm_dominion,107.00,333.44
2026-09-17,ercot_west,45.17,
2026-09-17,ercot_north,64.70,
2026-09-17,miso_north,39.20,30.00
2026-09-18,pjm_dominion,108.27,333.44
2026-09-18,ercot_west,47.23,
2026-09-18,ercot_north,62.88,
2026-09-18,miso_north,38.32,30.00
2026-09-19,pjm_dominion,94.72,333.44
2026-09-19,ercot_west,50.95,
2026-09-19,ercot_north,63.20,
2026-09-19,miso_north,34.08,30.00
2026-09-20,pjm_dominion,73.43,333.44
2026-09-20,ercot_west,41.86,
2026-09-20,ercot_north,55.75,
2026-09-20,miso_north,36.77,30.00
2026-09-21,pjm_dominion,110.87,333.44
2026-09-21,ercot_west,42.84,
2026-09-21,ercot_north,60.56,
2026-09-21,miso_north,40.11,30.00
2026-09-22,pjm_dominion,115.42,333.44
2026-09-22,ercot_west,48.46,
2026-09-22,ercot_north,56.06,
2026-09-22,miso_north,43.20,30.00
2026-09-23,pjm_dominion,125.80,333.44
2026-09-23,ercot_west,45.02,
2026-09-23,ercot_north,75.59,
2026-09-23,miso_north,40.39,30.00
2026-09-24,pjm_dominion,113.14,333.44
2026-09-24,ercot_west,45.20,
2026-09-24,ercot_north,55.48,
2026-09-24,miso_north,41.08,30.00
2026-09-25,pjm_dominion,127.70,333.44
2026-09-25,ercot_west,48.87,
2026-09-25,ercot_north,65.64,
2026-09-25,miso_north,117.12,30.00
